갯수,문제,답변,핵심정리,비슷한 문제 출제 빈도(상/중/하)
1,2도 화상의 증상,"진피층까지 손상되어 물집과 진물이 생기는 상태로, 화상 부위를 식히고 물집을 보호하는 것이 중요","2도 화상 → 물집, 진피 손상
찬물 냉각 → 물집 보호 → 심하면 병원 방문",상
2,운동 시 타겟 근육뿐 아니라 다른 근육도 어쩔수없이 같이 운동 되는 이유,"우리 몸은 단 하나의 근육만 독립적으로 움직이도록 설계되어 있지 않다, 부상 방지와 효율성을 위한 신체의 '협응 시스템' 때문","근육의 협응 시스템, 관절 안정화",상
3,성폭력 예방 방법,"지도자는 정기적인 인권 교육을 이수하고, 불필요한 신체 접촉을 피하며, 올바른 언어 사용과 상호 존중의 문화를 조성해야 함.","인권 교육, 신체 접촉 주의, 존중 문화 형성",상
4,ATP 설명 및 구조,"아데노신 1개와 인산기 3개가 결합된 화합물로, 인산 하나가 떨어져 나갈 때 발생하는 에너지가 근수축의 직접적인 에너지원으로 사용됨.","아데노신 1개 + 인산 3개, 근수축의 1차 에너지원",상
5,심폐소생술 절차,"환자의 의식을 확인하고 119에 신고한 뒤, 가슴압박 30회와 인공호흡 2회를 번갈아 가며 실시함.",의식 확인 → 119 신고 → 가슴압박(30) → 인공호흡(2),상
6,트레이닝 지도 시 신체접촉 시 인권침해 안 하는 방법,"반드시 사전에 회원의 동의를 구하고, 접촉 부위와 목적을 명확히 설명하며, 최소한의 터치나 도구를 활용하여 지도해야 함.","사전 동의 필수, 목적 설명, 최소한의 터치",상
7,근수축 종류,"등장성(이두컬), 등척성(플랭크), 등속성(재활)","등장성(단축성/신장성), 등척성(길이 일정), 등속성(속도 일정)",상
8,아세틸콜린 설명,"운동 신경 말단에서 분비되는 신경전달물질로, 근육 세포막의 수용체와 결합하여 근수축 신호를 전달하는 핵심 역할을 함.","신경-근육 접합부 신경전달물질, 근수축 신호 전달",중
9,여자 비키니 경기 순서 및 설명,"예선에서는 쿼터턴을 통한 비교 심사를 진행하고, 결선에서는 선수 개인의 I-워킹(개인 프레젠테이션) 후 전체 라인업하여 쿼터턴 비교 심사로 순위를 결정함.",예선: 쿼터턴 비교 심사 / 결선: I-워킹 후 쿼터턴 비교,상
10,도핑 검사 시 선수의 기본권,"검사관의 신분 확인 요구권, 검사 절차에 대한 설명 요구권, 대리인이나 통역을 동반할 권리, 결과에 대한 이의제기권이 있음.","검사관 신분 확인, 절차 설명 요구, 대리인 동반, 이의제기",상
11,데드리프트 시 허리 세우는 근육 2가지,척추기립근과 광배근이 주로 척추를 세우고 고정하는 역할을 함.,"척추기립근(신전), 광배근(고정)",중
12,스포츠 폭력,"스포츠 현장에서 우월한 지위를 이용하여 신체적, 정신적, 성적으로 고통을 가하는 일체의 권력형 가해 행위를 말함.",지위를 이용한 신체/정신/성적 고통 가해,상
13,피부 연부조직과 관련된 골절의 종류,"뼈가 부러졌지만 피부 밖으로 나오지 않은 폐쇄성 골절과, 부러진 뼈가 피부를 뚫고 나와 감염 위험이 높은 개방성 골절이 있음.","폐쇄성 골절(피부 안), 개방성 골절(피부 밖, 감염위험)",중
14,주요 에너지원 3개와 유산소/무산소 운동 시 무슨 에너지가 쓰이고 에너지원은 무엇인가,"탄수화물, 단백질, 지방이며, 단거리나 무산소 운동은 주로 탄수화물을, 장거리 유산소 운동은 탄수화물과 지방을 혼합 사용함.","탄/단/지, 무산소=탄수화물, 유산소=지방 혼합",상
15,일일 소비대사량에 대해 말하시오,"하루 동안 소비하는 총 에너지로 기초대사량, 활동대사량, 식사성 발열효과(식이성 열발생), 적응대사량으로 구성됨.",기초대사량 + 활동대사량 + 식사성 발열효과,상
16,화상 응급처치에 대해 말하시오,"즉시 흐르는 차가운 물로 15분 이상 열기를 식히고, 물집은 터뜨리지 않으며 깨끗한 거즈로 덮어 감염을 막은 후 병원으로 이동함.",15분 이상 냉각 → 물집 보존 → 거즈 덮고 병원,상
17,데드리프트 시 척추 안전성 도와주는 근육,"다열근, 복횡근, 횡격막, 골반기저근이 복압을 형성해 척추를 안정화","목표 근육 고립, 부상 예방",중
18,생활체육 프로그램 설계 시 유의사항,"참여자의 연령, 체력 수준, 흥미를 고려하고, 목표를 명확히 설정하며, 안전성을 최우선으로 점진적이고 체계적인 단계를 거쳐 설계해야 함.","참여자 특성 고려, 안전성 최우선, 점진적 원리 적용",상
19,탄 브론저 사용규정,"문질러서 지워지는 컬러링(탄)은 전면 금지되며, 무대 오르기 24시간 전에 바르는 자연스러운 브론저나 전문 스프레이 탄닝만 허용됨.","지워지는 탄 금지, 24시간 전 브론저/스프레이 탄 허용",상
20,여자 보디피티니스 쿼터턴 라이트 지도 방법,"우향우를 한 상태로 스탠스를 넓히지 않고 시선은 심판을 향하며, 상체를 펴고 복부와 측면 근육에 자연스럽게 긴장을 주도록 지도함.","우향우 상태, 자연스러운 스탠스, 측면 근육 긴장감 표현",중
21,세계도핑방지위원회 설립 이유 및 기능,"스포츠의 공정성을 유지하고, 약물 부작용으로부터 선수의 건강과 인권을 보호하기 위해 전 세계적인 도핑방지 규정을 통합하고자 설립되었습니다.","스포츠 공정성 확립, 선수 건강 및 인권 보호",상
22,운동 중 글루카곤의 기능,"췌장 알파세포에서 분비되며, 혈당이 낮을 때 간에 저장된 글리코겐을 포도당으로 분해하여 혈당을 높여주는 역할을 함.","췌장 분비 호르몬, 혈당 상승 작용",중
23,여자 피지크 규정포즈 4개를 설명하시오,"프론트 포즈(전면), 사이드 체스트(측면 가슴), 백 포즈(후면), 사이드 트라이셉스(측면 삼두) 총 4가지임.","프론트 포즈, 사이드 체스트, 백 포즈, 사이드 트라이셉스",상
24,젖산 생성되는 이유와 제거 방법,"고강도 무산소 운동 시 포도당이 불완전 분해되면서 생성되는 피로 물질로, 가벼운 유산소(쿨다운)를 통해 혈류를 유지시켜 산화 및 제거할 수 있음.","무산소 대사 산물, 가벼운 쿨다운으로 산소 공급해 제거",상
25,SNS에 몸 비포 에프터 사진 올릴 때 스포츠 인권 관련 유의사항,"선수나 회원의 초상권과 성적 자기결정권을 존중하여, 반드시 사전에 명시적 동의를 얻어야 하며, 신체 특정 부위를 과도하게 부각하는 사진은 피해야 함.","사전 동의 필수, 초상권 존중, 선정성 지양",중
26,자동심장충격기 사용방법과 순서,"전원 켜기, 패드 부착, 심장 리듬 분석, 제세동(버튼 클릭) 순으로 진행하며, 분석과 제세동 시에는 환자에게서 떨어져야 함.",전원 ON → 패드 부착 → 리듬 분석 → 전기 충격,상
27,여자 피지크 경기 라운드 진행 순서,"예선은 쿼터턴 비교 심사를 하고, 결선에서는 4가지 규정 포즈를 취하는 개인 루틴 시연 후, 다시 전체 쿼터턴과 규정 포즈 비교 심사를 거침.",예선(쿼터턴) -> 결선(개인루틴 + 규정포즈 비교심사),상
28,도핑방지 위원회에 대해 설명,"WADA(World Anti-Doping Agency)는 전 세계 모든 스포츠의 도핑 방지 규정을 통합하고 감시, 적발, 교육을 통해 클린 스포츠를 주도하는 국제 독립기구임.",세계 도핑 방지 규정 통합/감시하는 국제 독립 기구,상
29,흉쇄유돌근의 동작 설명,"목 양옆에 위치한 근육으로, 양쪽이 수축하면 목을 앞으로 굽히고, 한쪽만 수축하면 고개를 반대쪽으로 돌리는 회전 기능을 함.","목 굴곡(양쪽 수축), 목 회전(한쪽 수축)",중
30,테스토스테론 설명,"대표적인 남성 호르몬으로, 근육의 단백질 합성을 촉진하여 근육량과 근력을 증가시키고 회복을 돕는 역할을 함.","단백질 합성 촉진, 근육/근력 증가 동화호르몬",상
31,화상의 응급처치 방법,"즉시 흐르는 차가운 물로 15분 이상 열기를 식히고, 물집은 터뜨리지 않으며 깨끗한 거즈로 덮어 감염을 막은 후 병원으로 이동함.",15분 이상 냉각 → 물집 보존 → 거즈 덮고 병원,상
32,생활체육 설명,개인의 건강 증진과 여가 선용을 목적으로 일상 생활 속에서 자발적으로 참여하는 모든 신체 활동을 의미함.,건강 증진과 여가 선용을 위한 자발적 신체 활동,상
33,척추 안정화 시키는 근육,"배/엉덩이/등 근육 키워야됨 -> 코어 근육, 척추기립근, 복근/둔근(허리 집중 부담 줄이고 골반 안정성 높임) 강화","목표 근육 고립, 부상 예방",중
34,에너지 소비량 4가지,"하루 동안 소비하는 총 에너지로 기초대사량, 활동대사량, 식사성 발열효과(식이성 열발생), 적응대사량으로 구성됨.",기초대사량 + 활동대사량 + 식사성 발열효과,상
35,치료목적사용면책 TUE 규정,"선수가 급성 또는 만성 질환 치료를 위해 부득이하게 금지목록에 포함된 약물이나 방법을 사용해야 할 경우, 사전에 위원회의 승인을 받아 면책받는 제도임.",질병 치료 목적 금지약물 사용 사전 승인 제도,상
36,IFBB에서 탄 관련 규정,"문질러서 지워지는 컬러링(탄)은 전면 금지되며, 무대 오르기 24시간 전에 바르는 자연스러운 브론저나 전문 스프레이 탄닝만 허용됨.","지워지는 탄 금지, 24시간 전 브론저/스프레이 탄 허용",상
37,여자 피지크 쿼터턴 백 지도 방법,"심판을 등지고 선 상태에서 어깨와 등을 넓게 펼쳐 광배근과 등 근육의 비례를 보여주며, 둔근과 햄스트링에 긴장감을 주어 하체의 발달도를 심사받도록 지도함.","후면 응시, 광배근 넓게 폄, 둔근/햄스트링 수축 유지",상
38,심폐계 기능 설명,"폐를 통해 산소를 들이마시고, 심장과 혈관을 통해 산소와 영양분을 전신 근육에 공급하며 이산화탄소 등 노폐물을 배출하는 기능임.",산소/영양분 공급 및 노폐물 배출,중
39,여자 피지크 규정포즈 4가지 설명,"프론트 포즈(전면), 사이드 체스트(측면 가슴), 백 포즈(후면), 사이드 트라이셉스(측면 삼두) 총 4가지임.","프론트 포즈, 사이드 체스트, 백 포즈, 사이드 트라이셉스",상
40,도핑방지위원회가 무엇인가,"WADA(World Anti-Doping Agency)는 전 세계 모든 스포츠의 도핑 방지 규정을 통합하고 감시, 적발, 교육을 통해 클린 스포츠를 주도하는 국제 독립기구임.",세계 도핑 방지 규정 통합/감시하는 국제 독립 기구,상
41,클래식피지크 복장규정 설명,"단색의 불투명한 트렁크를 착용해야 하며, 장신구 착용은 금지되고 전면이 가려져야 하며 맨발로 무대에 오름.","단색/불투명 트렁크, 앞면 가림, 맨발, 장신구 금지",상
42,출혈 발생 시 응급처치,"깨끗한 거즈나 천으로 상처 부위를 강하게 직접 압박(직접압박법)하고, 출혈 부위를 심장보다 높게 들어 올려 지혈함.","직접 압박 실시, 심장보다 높게 거상",상
43,생활체육지도사 필요성 4가지,"올바른 운동 방법 및 지식 전달, 안전사고 예방 및 응급처치, 참여자의 흥미와 동기 유발, 체계적인 프로그램 관리를 위해 필요함.","올바른 지도, 안전/응급처치, 동기 유발, 프로그램 관리",상
44,남자 보디빌딩 사이드 트라이셉스 지도방법,옆을 향해 서서 심판 측 발을 뒤로 빼서 발끝을 세우고 종아리를 수축시킵니다. 양손을 등 뒤로 깍지 끼고 가슴을 들어 측면 삼두근과 외복사근을 강하게 수축시킴.,"측면 응시, 발끝 세우고 양손 뒤로 깍지, 삼두/복사근 수축",상
45,운동 중 과호흡 발생 시 나타나는 생리적 반응,"체내 이산화탄소가 과도하게 배출되어 혈액이 알칼리화되며, 어지러움, 호흡 곤란, 손발 저림 현상이 나타날 수 있음.","이산화탄소 과다 배출, 호흡성 알칼리증 (어지러움)",중
46,트레이닝 지도 시 접촉에 관하여 인권침해 방지하려면 어떻게 해야 하는가,"반드시 사전에 회원의 동의를 구하고, 접촉 부위와 목적을 명확히 설명하며, 최소한의 터치나 도구를 활용하여 지도해야 함.","사전 동의 필수, 목적 설명, 최소한의 터치",상
47,심폐소생술 절차,"환자의 의식을 확인하고 119에 신고한 뒤, 가슴압박 30회와 인공호흡 2회를 번갈아 가며 실시함.",의식 확인 → 119 신고 → 가슴압박(30) → 인공호흡(2),상
48,치료목적사용면책 TUE에 대하여 설명하시오,"선수가 급성 또는 만성 질환 치료를 위해 부득이하게 금지목록에 포함된 약물이나 방법을 사용해야 할 경우, 사전에 위원회의 승인을 받아 면책받는 제도임.",질병 치료 목적 금지약물 사용 사전 승인 제도,상
49,"보디빌딩의 탄, 브론저 규정","문질러서 지워지는 컬러링(탄)은 전면 금지되며, 무대 오르기 24시간 전에 바르는 자연스러운 브론저나 전문 스프레이 탄닝만 허용됨.","지워지는 탄 금지, 24시간 전 브론저/스프레이 탄 허용",상
50,여자 피지크 쿼터턴 백 지도방법,"심판을 등지고 선 상태에서 어깨와 등을 넓게 펼쳐 광배근과 등 근육의 비례를 보여주며, 둔근과 햄스트링에 긴장감을 주어 하체의 발달도를 심사받도록 지도함.","후면 응시, 광배근 넓게 폄, 둔근/햄스트링 수축 유지",상
51,심폐계 기능 설명,"폐를 통해 산소를 들이마시고, 심장과 혈관을 통해 산소와 영양분을 전신 근육에 공급하며 이산화탄소 등 노폐물을 배출하는 기능임.",산소/영양분 공급 및 노폐물 배출,중
52,지방에 대해서 설명하시오,"1g당 9kcal의 높은 에너지를 내며, 장시간 유산소 운동의 주 에너지원이고 세포막 형성, 체온 유지, 장기 보호 역할을 함.","9kcal/g, 유산소 에너지원, 체온 유지/장기 보호",상
53,회전근개 설명하시오,"어깨 관절의 안정성을 유지하는 4개의 근육으로 극상근(외전), 극하근(외회전), 소원근(외회전), 견갑하근(내회전)으로 구성됨.","어깨 안정화: 극상근, 극하근, 소원근, 견갑하근",상
54,PRICES 설명하시오,"부상 초기 응급처치 원칙으로, 보호(P), 휴식(R), 얼음찜질(I), 압박(C), 거상(E), 지지(S)를 통해 부종과 염증을 줄이는 방법임.",보호/휴식/얼음찜질/압박/거상/지지,상
55,"보편성 원리, 불가분의 원리를 스포츠에 적용하는 방법은?","보편성은 인종이나 성별에 관계없이 누구나 누려야 하는 권리임을 뜻하며, 불가분성은 모든 권리가 서로 밀접하게 연결되어 있어 어느 하나라도 분리하거나 침해할 수 없음을 의미함.","보편성(누구나), 불가분성(권리는 분리불가/연결됨)",상
56,드레싱 하는 이유,"상처 부위의 오염과 감염을 방지하고, 출혈을 흡수 및 지혈하며, 외부 자극으로부터 상처를 보호하기 위해 실시함.","감염 방지, 지혈 보조, 상처 보호",중
57,생활체육의 필요성/효과/기능 (신체적 정신적 사회적),"생리적으로는 체력 증진과 질병 예방, 정신적으로는 스트레스 해소와 자아실현, 사회적으로는 원만한 대인관계 형성과 공동체 의식 함양의 효과가 있음.",신체 건강 + 스트레스 해소 + 사회적 유대감 형성,상
58,발목 배쪽 굽힘 시 사용되는 근육,"발등을 정강이 쪽으로 당기는 동작으로, 전경골근(앞정강근)이 주동근으로 사용됨.","발등 당기는 동작, 전경골근(앞정강근)",상
59,비타민 B6의 역할,"단백질 및 아미노산 대사에 필수적인 조효소로, 단백질 섭취가 많은 보디빌더에게 중요하며 부족 시 피부염이나 빈혈, 피로가 발생할 수 있음.","아미노산/단백질 대사 필수, 부족 시 피로/피부염",중
60,세계도핑 규정에 따른 도핑방지위원회 설명하시오,"WADA(World Anti-Doping Agency)는 전 세계 모든 스포츠의 도핑 방지 규정을 통합하고 감시, 적발, 교육을 통해 클린 스포츠를 주도하는 국제 독립기구임.",세계 도핑 방지 규정 통합/감시하는 국제 독립 기구,상
61,남자 피지크 쿼터턴 4가지,"프론트 스탠스(전면), 쿼터턴 라이트(우측면), 쿼터턴 백(후면), 쿼터턴 라이트(좌측면) 순서로 회전하며 자연스러운 근육의 조화와 역삼각형 체형을 심사함.",전면 -> 우측면 -> 후면 -> 좌측면 (자연스러운 V테이퍼 심사),상
62,필수 지방산에 대해 설명하시오,"체내에서 스스로 합성되지 않아 반드시 음식으로 섭취해야 하는 지방산으로, 오메가-3와 오메가-6가 대표적임.","체내 합성 불가, 음식 섭취 필수 (오메가3/6)",중
63,단백질 에너지원으로서 과다 섭취 시 단점,"간과 신장에 무리를 주고, 칼슘 배출을 촉진해 뼈가 약해질 수 있으며, 남은 에너지는 체지방으로 전환되어 비만을 유발함.","간/신장 부담, 칼슘 배출, 체지방 축적",상
64,초과산소 섭취량이란?,"운동 후 안정 상태로 돌아가기 위해 회복기 동안 안정 시보다 추가로 더 소비하는 산소의 양으로, 젖산 제거와 에너지 보충에 쓰임.","운동 후 추가 산소 소비 (젖산 제거, 에너지 재합성)",상
65,기립근 운동이 무엇이고 관련 운동 3가지,해당 동작 수행 시 타겟 근육의 정확한 고립과 올바른 호흡법을 통해 부상을 방지하고 운동 효율을 극대화해야 함.,"목표 근육 고립, 부상 예방",중
66,도핑방지위원회에 대하여 설명하시오,선수의 건강 보호와 공정성을 위해 도핑 검사에 성실히 응해야 하며 위반 시 제재를 받음.,도핑 방지 및 규정 준수,상
67,남자 피지크 복장 규정,"패턴이 없는 단색의 불투명한 보드숏(서퍼팬츠)을 착용해야 하며, 길이는 무릎을 덮지 않아야 하고 상의 탈의 및 맨발 상태여야 함.","단색 보드숏(무릎 위 길이), 맨발, 상의 탈의",상
68,슬개골에 대하여 설명,"무릎관절 앞쪽에 있는 납작한 뼈(무릎뼈)로, 대퇴사두근 힘줄에 감싸여 무릎 관절을 보호하고 지렛대 역할을 해 폄 힘을 증가시킴.","무릎뼈, 관절 보호 및 대퇴사두근 지렛대 역할",중
69,운동 시 필요한 영양적 보조제에 대해 설명,해당 동작 수행 시 타겟 근육의 정확한 고립과 올바른 호흡법을 통해 부상을 방지하고 운동 효율을 극대화해야 함.,"목표 근육 고립, 부상 예방",중
70,여자 보디피트니스 쿼터턴 동작 설명,"우향우를 한 상태로 스탠스를 넓히지 않고 시선은 심판을 향하며, 상체를 펴고 복부와 측면 근육에 자연스럽게 긴장을 주도록 지도함.","우향우 상태, 자연스러운 스탠스, 측면 근육 긴장감 표현",중
71,근육 펌핑이란,웨이트 트레이닝 시 해당 근육 부위로 혈류량이 일시적으로 급격히 증가하여 근육이 팽창하고 단단해지는 현상을 말함.,근육 내 혈류량 증가에 의한 일시적 팽창,중
72,인권의 보편성과 불가역성이란,"보편성은 누구나 예외 없이 누려야 하는 권리임을 뜻하며, 불가분성은 모든 권리가 밀접하게 연결되어 분리할 수 없음을 의미함.","보편성(누구나), 불가분성(권리는 분리불가/연결됨)",상
73,근육운동 후 섭취해야 하는 영양소,"고갈된 글리코겐을 보충하기 위해 탄수화물을, 손상된 근육 조직의 회복과 합성을 위해 양질의 단백질을 섭취해야 함.",탄수화물(에너지 보충) + 단백질(근육 회복/합성),상
74,기도폐쇄(하임리히법) 확인 방법,"환자가 기침을 못 하거나 목을 감싸쥐는 초킹 사인을 보일 때, 뒤에서 명치와 배꼽 사이를 주먹으로 강하게 위로 밀어 올리는 하임리히법을 실시함.",초킹 사인 확인 → 하임리히법(복부 밀어내기),상
75,쇼크 2가지에 대해 설명,과다 출혈 등으로 인한 저혈량성 쇼크와 알레르기 반응으로 인한 아나필락시스 쇼크가 대표적임.,"저혈량성 쇼크(출혈), 아나필락시스 쇼크(알레르기)",중
76,스포츠 폭력,"스포츠 현장에서 우월한 지위를 이용하여 신체적, 정신적, 성적으로 고통을 가하는 일체의 권력형 가해 행위를 말함.",지위를 이용한 신체/정신/성적 고통 가해,상
77,여자 보디피트니스 경기진행 순서,"예선 라운드에서 쿼터턴 비교 심사를 실시하고, 결선 라운드에서는 I-워킹 개인 프레젠테이션을 거친 후 전체 라인업하여 다시 쿼터턴 비교 심사를 진행함.",예선 쿼터턴 -> 결선 I-워킹 후 쿼터턴 비교심사,상
78,레그프레스 시 주로 사용되는 근육,"하체 전반을 강화하는 다관절 운동으로, 대퇴사두근이 주동근이며 대둔근과 햄스트링이 보조근으로 주로 쓰임.","주동근: 대퇴사두근 / 보조: 대둔근, 햄스트링",상
79,도핑검사 시기 별 검사약물 종류,"경기기간 외 검사에서는 주로 근육을 키우는 상시 금지약물(동화작용제 등)을 검사하고, 경기기간 중 검사에서는 상시금지약물에 흥분제, 마약류 등 특정금지약물을 추가로 검사함.","경기 외(상시금지약물) / 경기 중(상시 + 흥분제,마약류)",상
80,고강도 운동 중 탄수화물의 사용형태,고강도 운동 시에는 산소 공급이 충분하지 않아 지방 대신 근육에 저장된 '근글리코겐' 형태의 탄수화물을 주 에너지원으로 빠르게 분해하여 사용함.,근글리코겐 형태로 무산소성 대사를 통해 빠르게 분해 사용,상
81,세계도핑기구에서 지정한 상시금지약물에 대하여 설명,"경기 중과 경기 외를 불문하고 항상 금지되는 약물로 동화작용제(스테로이드), 펩타이드 호르몬, 이뇨제 및 은폐제 등이 있음.","경기 중/외 모두 금지 (스테로이드, 이뇨제 등)",상
82,여자 피지크 쿼터턴 백 지도 방법,"심판을 등지고 선 상태에서 어깨와 등을 넓게 펼쳐 광배근과 등 근육의 비례를 보여주며, 둔근과 햄스트링에 긴장감을 주어 하체의 발달도를 심사받도록 지도함.","후면 응시, 광배근 넓게 폄, 둔근/햄스트링 수축 유지",상
83,카보로딩 설명,시합이나 장거리 대회 전 체내(간과 근육) 글리코겐 저장량을 극대화하기 위해 탄수화물 섭취 비율을 의도적으로 높이는 식이 전략임.,시합 전 체내 글리코겐 저장 극대화 전략,중
84,여자 보디피트니스 대회 진행방법,"예선 라운드에서 쿼터턴 비교 심사를 실시하고, 결선 라운드에서는 I-워킹 개인 프레젠테이션을 거친 후 전체 라인업하여 다시 쿼터턴 비교 심사를 진행함.",예선 쿼터턴 -> 결선 I-워킹 후 쿼터턴 비교심사,상
85,ATP 합성과정 중 지질대사,지방이 유리지방산으로 분해되어 미토콘드리아 내에서 베타산화 과정을 거쳐 아세틸 CoA로 변환된 후 크렙스 회로를 통해 대량의 ATP를 합성함.,베타산화 → 아세틸 CoA → 크렙스 회로 (대량 에너지),상
86,여자 피지크 진행방법,"예선은 쿼터턴 비교 심사를 하고, 결선에서는 4가지 규정 포즈를 취하는 개인 루틴 시연 후, 다시 전체 쿼터턴과 규정 포즈 비교 심사를 거침.",예선(쿼터턴) -> 결선(개인루틴 + 규정포즈 비교심사),상
87,체력 관련 요소 11가지,"건강관련 체력(근력, 근지구력, 심폐지구력, 유연성, 신체조성) 5가지와 기능관련 체력(순발력, 민첩성, 평형성, 협응성, 반응시간, 스피드) 6가지가 있음.",건강관련 5요소 + 기능관련 6요소,중
88,심폐소생술 순서,"환자의 의식을 확인하고 119에 신고한 뒤, 가슴압박 30회와 인공호흡 2회를 번갈아 가며 실시함.",의식 확인 → 119 신고 → 가슴압박(30) → 인공호흡(2),상
89,지도 시 신체 접촉 인권침해 방지하는 방법,"반드시 사전에 회원의 동의를 구하고, 접촉 부위와 목적을 명확히 설명하며, 최소한의 터치나 도구를 활용하여 지도해야 함.","사전 동의 필수, 목적 설명, 최소한의 터치",상
90,수축운동 종류 3가지와 예시,해당 동작 수행 시 타겟 근육의 정확한 고립과 올바른 호흡법을 통해 부상을 방지하고 운동 효율을 극대화해야 함.,"목표 근육 고립, 부상 예방",중
91,아세틸콜린 설명,"운동 신경 말단에서 분비되는 신경전달물질로, 근육 세포막의 수용체와 결합하여 근수축 신호를 전달하는 핵심 역할을 함.","신경-근육 접합부 신경전달물질, 근수축 신호 전달",중
92,IFBB에서 탄 관련 규정,"문질러서 지워지는 컬러링(탄)은 전면 금지되며, 무대 오르기 24시간 전에 바르는 자연스러운 브론저나 전문 스프레이 탄닝만 허용됨.","지워지는 탄 금지, 24시간 전 브론저/스프레이 탄 허용",상
93,WADA에서 규정한 상시 금지 약물,"경기 중과 경기 외를 불문하고 항상 금지되는 약물로 동화작용제(스테로이드), 펩타이드 호르몬, 이뇨제 및 은폐제 등이 있음.","경기 중/외 모두 금지 (스테로이드, 이뇨제 등)",상
94,"HDL, LDL이란?","HDL은 혈관 벽의 콜레스테롤을 간으로 운반해 제거하는 '좋은 콜레스테롤'이고, LDL은 혈관에 콜레스테롤을 쌓아 동맥경화를 유발하는 '나쁜 콜레스테롤'임.","HDL(좋은 콜레스테롤, 혈관청소) / LDL(나쁜 콜레스테롤, 혈관막힘)",중
95,남자 피지크 쿼터턴 백 설명,"선수는 심판을 등지고 서서 허리에 손을 얹거나 포즈를 취해 등 근육의 대칭과 V테이퍼를 보여주고, 하체 후면의 긴장을 유지함.","등 근육 대칭과 V테이퍼 강조, 후면 긴장",상
96,스포츠 성폭력에 대하여 설명,"스포츠 현장에서 우월한 지위를 이용하여 신체적, 정신적, 성적으로 고통을 가하는 일체의 권력형 가해 행위를 말함.",지위를 이용한 신체/정신/성적 고통 가해,상
97,"엉덩관절의 내회전 근육, 내전 근육","엉덩관절 내회전에는 소둔근과 중둔근 전부섬유가, 내전에는 장내전근, 단내전근, 대내전근, 치골근, 박근이 관여함.","내회전(소둔근/중둔근 전부), 내전근군(대/장/단내전근 등)",중
98,세컨드 윈드란?,"운동이나 등산 중 숨이 차고 고통스러운 한계(사점)를 넘었을 때, 호흡이 편안해지고 의욕이 다시 생기는 현상",사점(Dead Point) 이후 호흡이 편해지는 적응 현상,상
99,심폐소생술 정의 및 순서,"환자의 의식을 확인하고 119에 신고한 뒤, 가슴압박 30회와 인공호흡 2회를 번갈아 가며 실시함.",의식 확인 → 119 신고 → 가슴압박(30) → 인공호흡(2),상
100,부득이하게 신체접촉 해야 할 경우 주의사항,"반드시 사전에 회원의 동의를 구하고, 접촉 부위와 목적을 명확히 설명하며, 최소한의 터치나 도구를 활용하여 지도해야 함.","사전 동의 필수, 목적 설명, 최소한의 터치",상
101,근수축 종류와 예시 운동,"근육 길이가 짧아지는 단축성 수축(등장성), 길어지는 신장성 수축(등장성), 길이가 변하지 않는 등척성 수축, 속도가 일정한 등속성 수축이 있음.","등장성(단축성/신장성), 등척성(길이 일정), 등속성(속도 일정)",상
102,근 수축 시 아세틸콜린의 역할,"운동 신경 말단에서 분비되는 신경전달물질로, 근육 세포막의 수용체와 결합하여 근수축 신호를 전달하는 핵심 역할을 함.","신경-근육 접합부 신경전달물질, 근수축 신호 전달",중
103,응급처치란?,사고나 질병 발생 시 즉각적이고 임시적인 처치를 제공하여 환자의 생명을 구하고 상태 악화를 방지하며 회복을 돕는 활동임.,"생명 구호, 상태 악화 방지, 임시적 처치",상
104,기초대사량이란?,"생명 유지(호흡, 심장박동, 체온유지 등)에 필요한 최소한의 에너지 소비량으로, 전체 에너지 소비의 약 60~70%를 차지함.","생명 유지 위한 최소 에너지, 근육량과 비례",상
105,스포츠지도사가 폭력을 예방하기 위해 해야하는 행동 4가지,"종목별 협회 규정에 맞는 정확한 복장과 포즈를 유지하여, 대상 근육의 수축과 신체 비례를 심판에게 명확히 보여주도록 지도해야 함.","규정 준수, 대상 근육 수축 어필",상
106,스쿼트가 안 되는 요통 환자에게 처방할 수 있는 하체 운동,"레그 익스텐션/컬, 힙브릿지, 런지","척추 부담 없는 레그익스텐션, 레그컬, 힙브릿지",상
107,심폐소생술 시 가슴을 압박하는 이유,심장에 압력을 가해 인공적으로 전신과 뇌로 혈액(산소)을 지속적으로 공급하여 뇌사 및 장기 손상을 막기 위함임.,뇌와 전신에 산소/혈액 공급 유지,상
108,글리코겐이 운동 시 어떤 역할 하는지,"근육과 간에 저장되는 탄수화물의 형태로, 운동 시 분해되어 해당 과정을 통해 빠르게 포도당과 ATP 에너지를 공급하는 핵심 원료임.","근육/간 저장 탄수화물, 운동 시 빠른 에너지 공급",상
109,스포츠 폭력예방 위한 지도자의 역할,"참여자의 운동 목표 달성을 돕는 안내자, 부상을 예방하는 안전 관리자, 지속적 참여를 이끄는 동기 부여자 역할을 함.","안내자, 안전 관리자, 동기부여자",상
110,2도 화상 설명,사고 발생 시 119 신고와 함께 즉각적이고 적절한 응급처치를 통해 환자의 생명을 보호하고 2차 손상을 막아야 함.,"신속한 응급처치, 생명 보호",상
111,한 타겟 근육만을 발전시킬 수 없는 이유,해당 동작 수행 시 타겟 근육의 정확한 고립과 올바른 호흡법을 통해 부상을 방지하고 운동 효율을 극대화해야 함.,"목표 근육 고립, 부상 예방",중
112,ATP 구조,"아데노신 1개와 인산기 3개가 결합된 화합물로, 인산 하나가 떨어져 나갈 때 발생하는 에너지가 근수축의 직접적인 에너지원으로 사용됨.","아데노신 1개 + 인산 3개, 근수축의 1차 에너지원",상
113,남녀 합숙 시 성희롱 예방 위한 수칙,"남녀의 숙소와 편의시설을 철저히 분리 배정하고, 합숙 전 성폭력 예방 교육을 의무적으로 실시하며 엄격한 규율을 적용해야 함.","숙소 분리, 사전 예방 교육 실시",중
114,여자 보디피트니스 경기진행 순서,"예선 라운드에서 쿼터턴 비교 심사를 실시하고, 결선 라운드에서는 I-워킹 개인 프레젠테이션을 거친 후 전체 라인업하여 다시 쿼터턴 비교 심사를 진행함.",예선 쿼터턴 -> 결선 I-워킹 후 쿼터턴 비교심사,상
115,레그프레스 시 주로 쓰이는 근육,"하체 전반을 강화하는 다관절 운동으로, 대퇴사두근이 주동근이며 대둔근과 햄스트링이 보조근으로 주로 쓰임.","주동근: 대퇴사두근 / 보조: 대둔근, 햄스트링",상
116,도핑검사 시기 별 검사약물 종류,"경기기간 외 검사에서는 주로 근육을 키우는 상시 금지약물(동화작용제 등)을 검사하고, 경기기간 중 검사에서는 상시금지약물에 흥분제, 마약류 등 특정금지약물을 추가로 검사함.","경기 외(상시금지약물) / 경기 중(상시 + 흥분제,마약류)",상
117,고강도 운동 중 탄수화물의 사용형태,고강도 운동 시에는 산소 공급이 충분하지 않아 지방 대신 근육에 저장된 '근글리코겐' 형태의 탄수화물을 주 에너지원으로 빠르게 분해하여 사용함.,근글리코겐 형태로 무산소성 대사를 통해 빠르게 분해 사용,상
118,출혈 환자 발생 시 응급처치,"깨끗한 거즈나 천으로 상처 부위를 강하게 직접 압박(직접압박법)하고, 출혈 부위를 심장보다 높게 들어 올려 지혈함.","직접 압박 실시, 심장보다 높게 거상",상
119,인권이란 무엇인가,인간이라면 누구나 태어날 때부터 가지는 차별받지 않고 존중받으며 살아갈 마땅하고 기본적인 권리임.,인간이 마땅히 누려야 할 차별 없는 기본적 권리,상
120,보디빌더가 크레아틴 섭취하는 이유,"ATP-PC 에너지 시스템에서 인산크레아틴 저장을 늘려, 단기간의 폭발적인 무산소 근력과 운동 수행 능력을 향상시키기 위해 섭취함.","ATP-PC 시스템 효율 증가, 단기 폭발적 근력 향상",상
121,손목굽힘근육에 대하여 설명하시오,"손목을 굽히는 수근굴근(요측/척측)과 손목을 펴는 수근신근이 있으며, 전완근 부위에 위치하여 손목의 굴곡과 신전을 담당함.",굴곡(수근굴근) / 신전(수근신근),중
122,체지방과 제지방에 대하여 설명하시오,"체지방은 몸에 축적된 지방 조직의 총량이며, 제지방은 체중에서 체지방을 뺀 수치로 뼈, 근육, 수분 등의 무게를 의미함.",체지방=지방량 / 제지방=체중-체지방(근육/뼈/수분),상
123,성폭력 2차피해 예방 4가지,"사건 발생 시 신속히 가해자와 피해자를 분리하고, 피해자의 신원을 철저히 비밀로 유지하며, 섣부른 합의 종용이나 비난을 절대 하지 않아야 함.","피해자/가해자 분리, 비밀 보장, 합의 종용 금지",중
124,출혈 시 응급처치 방법,"깨끗한 거즈나 천으로 상처 부위를 강하게 직접 압박(직접압박법)하고, 출혈 부위를 심장보다 높게 들어 올려 지혈함.","직접 압박 실시, 심장보다 높게 거상",상
125,초보자 트레이닝 방법,"단일 관절보다 다관절 중심의 전신 근육 운동을 우선하고, 머신을 통해 정확한 자세를 익히며, 점진적 과부하 원칙을 적용해 가벼운 중량부터 시작함.","다관절 운동 위주, 머신 활용, 점진적 과부하(저중량)",상
126,노출 부위 많은 복장 입을 때 언어적 성희롱 방지 대책,"외모나 신체에 대한 평가 및 농담을 일절 삼가고, 공적인 지도 언어와 정확한 해부학적 명칭만 사용하여 존중하는 태도를 유지해야 함.","신체 평가/농담 금지, 해부학적 명칭 사용",중
127,복근 운동 4개,"상복부를 자극하는 크런치, 하복부를 자극하는 레그레이즈, 전체 복근을 쓰는 싯업, 코어를 강화하는 플랭크가 있음.","크런치, 레그레이즈, 싯업, 플랭크",상
128,쇼크 2가지 이상,과다 출혈 등으로 인한 저혈량성 쇼크와 알레르기 반응으로 인한 아나필락시스 쇼크가 대표적임.,"저혈량성 쇼크(출혈), 아나필락시스 쇼크(알레르기)",중
129,지도자의 인권,"지도자 역시 부당한 해고나 임금 체불로부터 보호받을 노동권이 있으며, 폭언이나 폭행으로부터 보호받을 인격권 등 기본적인 권리를 보장받아야 함.","노동권(부당대우 금지), 인격권(폭언 보호) 등 기본권 보장",중
130,그립 4가지 이상,"손등이 위를 향하는 오버 그립, 손바닥이 위를 향하는 언더 그립, 양손 방향을 교차하는 얼터네이트 그립, 엄지를 빼는 썸리스 그립이 있음.","오버그립, 언더그립, 얼터네이트그립, 썸리스그립",상
131,기초대사량,"생명 유지(호흡, 심장박동, 체온유지 등)에 필요한 최소한의 에너지 소비량으로, 전체 에너지 소비의 약 60~70%를 차지함.","생명 유지 위한 최소 에너지, 근육량과 비례",상
132,생활체육 프로그램에 대한 설명,"참여자의 연령, 체력 수준, 흥미를 반드시 고려하고, 목표를 명확히 설정하며, 안전성을 최우선으로 하여 점진적이고 체계적인 단계를 거쳐야 함.","개인차 고려, 안전성 최우선, 점진적 원리 적용",상
133,필수지방산,"체내에서 스스로 합성되지 않아 반드시 음식으로 섭취해야 하는 지방산으로, 오메가-3와 오메가-6가 대표적임.","체내 합성 불가, 음식 섭취 필수 (오메가3/6)",중
134,세트와 렙에 대한 설명,"렙(Rep)은 하나의 동작을 끊기지 않고 수행한 반복 횟수이고, 세트(Set)는 이 렙들이 모여 형성된 한 묶음의 단위를 말함.","렙(Rep)=반복 횟수, 세트(Set)=렙의 묶음",상
135,여자 비키니 복장 규정,"불투명한 투피스 비키니를 착용하되 둔부의 3분의 1 이상을 가려야 하며, 규정된 하이힐을 신고 귀걸이 등 장신구 착용이 허용됨.","투피스 비키니(둔부 1/3 가림), 하이힐, 장신구 허용",상
136,손목 움직임에 관여하는 근육 설명,"손목을 굽히는 수근굴근(요측/척측)과 손목을 펴는 수근신근이 있으며, 전완근 부위에 위치하여 손목의 굴곡과 신전을 담당함.",굴곡(수근굴근) / 신전(수근신근),중
137,도핑 검사는 경기 중과 경기 후로 나뉜다. 경기 중 도핑검사 실시에 대하여 설명,"대회 당일 자정(24:00)부터 대회가 종료되고 시료 채취 과정이 마무리될 때까지의 기간에 실시하는 검사로 경기력 향상을 즉각적으로 돕는 마약류, 흥분제 등을 철저히 검사함.",대회 당일 자정~시료채취 종료까지. 흥분제/마약류 추가 검사,중
138,운동에 도움 주는 보조제 종류와 기능 설명,"근력 향상을 돕는 크레아틴, 근손실을 막고 회복을 돕는 BCAA와 글루타민, 빠른 흡수로 근성장을 돕는 유청단백질 등이 있음.","크레아틴(근력), BCAA/글루타민(회복), 유청단백질(근합성)",중
139,화상 발생 시 대처법,"즉시 흐르는 차가운 물로 15분 이상 열기를 식히고, 물집은 터뜨리지 않으며 깨끗한 거즈로 덮어 감염을 막은 후 병원으로 이동함.",15분 이상 냉각 → 물집 보존 → 거즈 덮고 병원,상
140,오버트레이닝에 대하여 설명,"불충분한 휴식과 과도한 훈련으로 피로가 누적되어 오히려 운동 수행 능력이 저하되고 만성 피로, 부상 위험이 높아지는 상태임.","피로 누적, 수행능력 저하, 충분한 휴식 필요",상
141,선수가 동료에게 폭언했을 경우 대처,"즉각 행위를 제지하여 가해자와 피해자를 분리하고, 피해자 상태를 확인한 후 스포츠윤리센터나 협회에 규정대로 즉시 신고해야 함.","즉각 제지 및 분리, 피해자 보호, 윤리센터 신고",중
142,수면 부족 시 증상,"코르티솔 수치가 증가해 근손실이 유발되며, 피로 누적, 집중력 및 운동 수행 능력 저하, 면역력 감소 현상이 나타남.","코르티솔 증가(근손실), 피로 누적, 수행능력 저하",중
143,발목 배측굴곡 설명,"발등을 정강이 쪽으로 당기는 동작으로, 전경골근(앞정강근)이 주동근으로 사용됨.","발등 당기는 동작, 전경골근(앞정강근)",상
144,여자 피지크 복장 규정,"무늬가 없는 불투명한 투피스 비키니를 착용하며 둔부의 절반 이상을 가려야 하고, 하이힐 없이 맨발로 출전하며 십자가 등 장신구는 허용되지 않습니다.","투피스 비키니, 맨발, 장신구 금지",상
145,규칙적인 유산소 운동의 이점,"심폐 기능이 향상되어 전신 지구력이 증가하고, 체지방 연소를 통해 비만을 예방하며 고혈압, 당뇨 등 대사성 질환의 위험을 크게 낮춤.","심폐지구력 향상, 체지방 감소, 대사성 질환 예방",상
146,도핑 시 선수의 의무,"가장 최신의 정확한 소재지 정보를 제공해야 하며, 검사관의 시료 채취 요구에 불응하거나 회피하지 않고 성실히 응해야 할 의무가 있음.","소재지 정보 제공, 시료 채취 성실히 협조",상
147,횡경막 기능,"가슴과 배를 나누는 돔 형태의 근육으로, 수축하며 아래로 내려가 폐에 공기를 채우는 호흡의 주동근이자 코어 복압을 형성하는 근육임.","호흡 주동근, 복압 형성",상
148,렙틴과 그렐린,"렙틴은 지방세포에서 분비되어 뇌에 포만감을 신호하여 식욕을 억제하고, 그렐린은 위에서 분비되어 배고픔을 느끼게 하여 식욕을 촉진함.","렙틴(포만감 호르몬, 식욕 억제) / 그렐린(공복 호르몬, 식욕 촉진)",중
149,남자 클래식 피지크 복장 규정,"단색의 불투명한 트렁크를 착용해야 하며, 장신구 착용은 금지되고 전면이 가려져야 하며 맨발로 무대에 오름.","단색/불투명 트렁크, 앞면 가림, 맨발, 장신구 금지",상
150,체지방과 제지방,"체지방은 몸에 축적된 지방 조직의 총량이며, 제지방은 체중에서 체지방을 뺀 수치로 뼈, 근육, 수분 등의 무게를 의미함.",체지방=지방량 / 제지방=체중-체지방(근육/뼈/수분),상
151,척추뼈 개수와 종류,"성인 기준 총 26개로 구성되며, 경추 7개, 흉추 12개, 요추 5개, 천추 1개, 미추 1개로 이루어져 있음.","총 26개: 경추7, 흉추12, 요추5, 천추1, 미추1",상
152,세계국제도핑 주요 구성요소,"세계도핑방지규약(Code), 국제표준(International Standards), 그리고 이를 적용하는 모범사례 및 지침(Models of Best Practice)으로 구성됨.","규약(Code), 국제표준, 모범사례 및 지침",상
153,탄과 브론저 규정,"문질러서 지워지는 컬러링(탄)은 전면 금지되며, 무대 오르기 24시간 전에 바르는 자연스러운 브론저나 전문 스프레이 탄닝만 허용됨.","지워지는 탄 금지, 24시간 전 브론저/스프레이 탄 허용",상
154,심폐소생술 방법,"환자의 의식을 확인하고 119에 신고한 뒤, 가슴압박 30회와 인공호흡 2회를 번갈아 가며 실시함.",의식 확인 → 119 신고 → 가슴압박(30) → 인공호흡(2),상
155,생활체육의 3대 요소,"생활체육이 원활하게 이루어지기 위한 필수 조건으로 체육 시설, 체육 지도자, 체육 프로그램 3가지가 있음.","체육 시설, 체육 지도자, 체육 프로그램",상
156,햄스트링 근육에 대해 설명,"허벅지 뒤쪽에 위치하여 무릎을 굽히고 고관절을 펴는 역할을 하며, 대퇴이두근, 반건양근, 반막양근 3가지 근육으로 구성됨.","대퇴이두근, 반건양근, 반막양근 (무릎 굴곡 기능)",상
157,지방의 역할,"1g당 9kcal의 높은 에너지를 내며, 장시간 유산소 운동의 주 에너지원이고 세포막 형성, 체온 유지, 장기 보호 역할을 함.","9kcal/g, 유산소 에너지원, 체온 유지/장기 보호",상
158,발목 배측굴곡 근육 설명,"발등을 정강이 쪽으로 당기는 동작으로, 전경골근(앞정강근)이 주동근으로 사용됨.","발등 당기는 동작, 전경골근(앞정강근)",상
159,생활체육의 생리/사회/정신적 기능,생활스포츠지도사 규정과 이론에 근거하여 참여자의 안전과 지도자의 전문성을 최우선으로 하여 대처 및 지도함.,"규정 준수, 안전 최우선 지도",중
160,비타민 B6 부족 시 문제,"단백질 및 아미노산 대사에 필수적인 조효소로, 단백질 섭취가 많은 보디빌더에게 중요하며 부족 시 피부염이나 빈혈, 피로가 발생할 수 있음.","아미노산/단백질 대사 필수, 부족 시 피로/피부염",중
161,여자 피지크 4개 이름,"프론트 포즈(전면), 사이드 체스트(측면 가슴), 백 포즈(후면), 사이드 트라이셉스(측면 삼두) 총 4가지임.","프론트 포즈, 사이드 체스트, 백 포즈, 사이드 트라이셉스",상
162,WADA 정의,"WADA(World Anti-Doping Agency)는 전 세계 모든 스포츠의 도핑 방지 규정을 통합하고 감시, 적발, 교육을 통해 클린 스포츠를 주도하는 국제 독립기구임.",세계 도핑 방지 규정 통합/감시하는 국제 독립 기구,상
163,넙다리 네갈래근 종류,"허벅지 앞쪽 근육으로 대퇴사두근이라 불리며, 대퇴직근, 내측광근, 외측광근, 중간광근 4개로 이루어져 무릎을 펴는 역할을 함.","대퇴직근, 내측광근, 외측광근, 중간광근",상
164,기초대사량 정의,"생명 유지(호흡, 심장박동, 체온유지 등)에 필요한 최소한의 에너지 소비량으로, 전체 에너지 소비의 약 60~70%를 차지함.","생명 유지 위한 최소 에너지, 근육량과 비례",상
165,생활체육 설명,개인의 건강 증진과 여가 선용을 목적으로 일상 생활 속에서 자발적으로 참여하는 모든 신체 활동을 의미함.,건강 증진과 여가 선용을 위한 자발적 신체 활동,상
166,화상에 대한 응급처치,"즉시 흐르는 차가운 물로 15분 이상 열기를 식히고, 물집은 터뜨리지 않으며 깨끗한 거즈로 덮어 감염을 막은 후 병원으로 이동함.",15분 이상 냉각 → 물집 보존 → 거즈 덮고 병원,상
167,척추기립근에 관여하는 근육,"척추를 바르게 세우고 신전시키는 척추 주위의 세로 근육군으로, 강화 운동에는 데드리프트, 백 익스텐션, 굿모닝이 있음.","척추 신전 기능. 데드리프트, 백 익스텐션, 굿모닝",상
168,남자 클래식 피지크 경기 진행 방식,"예선에서는 라인업과 쿼터턴, 그리고 7가지 규정 포즈로 심사하며, 결선에서는 선수 개인의 자유 포즈 루틴 심사 후 다시 규정 포즈 비교 심사로 우승자를 가림.",예선(쿼터턴+규정7포즈) -> 결선(자유루틴+규정포즈 비교),중
169,도핑위반 사항 11가지 중 분석 않고 위반 사항 잡는 경우,"시료 채취를 거부하거나 회피하는 행위, 도핑 관리 과정을 방해하거나 조작하는 행위, 선수의 소재지 정보 제공 의무를 위반하는 행위 등이 해당함.","시료 채취 거부/회피, 관리 과정 조작, 소재지 정보 위반",상
170,가슴 안쪽 운동 시 사용되는 근육,"대흉근의 안쪽 섬유를 모아주는 고립 운동으로 펙덱 플라이, 케이블 크로스오버, 덤벨 플라이 등이 사용됨.","펙덱 플라이, 케이블 크로스오버",중
171,남자 클래식 보디빌딩 예선 결선 진행 설명,"예선에서는 라인업과 쿼터턴, 그리고 7가지 규정 포즈로 심사하며, 결선에서는 선수 개인의 자유 포즈 루틴 심사 후 다시 규정 포즈 비교 심사로 우승자를 가림.",예선(쿼터턴+규정7포즈) -> 결선(자유루틴+규정포즈 비교),중
172,상시 금지 약물,"경기 중과 경기 외를 불문하고 항상 금지되는 약물로 동화작용제(스테로이드), 펩타이드 호르몬, 이뇨제 및 은폐제 등이 있음.","경기 중/외 모두 금지 (스테로이드, 이뇨제 등)",상
173,어깨 신전 운동,"팔을 몸통 뒤로 당기는 동작으로, 광배근, 대원근, 삼각근 후면 섬유, 상완삼두근 장두가 주로 관여함.","광배근, 대원근, 후면삼각근 관여",중
174,무산소성 해당과정 설명,산소가 부족한 상태에서 포도당이나 글리코겐을 분해하여 젖산과 소량의 ATP(에너지)를 빠르게 생성하는 에너지 대사 과정임.,"산소 없이 포도당 분해, 젖산 생성, 빠른 에너지",중
175,화상 치료방법,"즉시 흐르는 차가운 물로 15분 이상 열기를 식히고, 물집은 터뜨리지 않으며 깨끗한 거즈로 덮어 감염을 막은 후 병원으로 이동함.",15분 이상 냉각 → 물집 보존 → 거즈 덮고 병원,상
176,인권이란?,인간이라면 누구나 태어날 때부터 가지는 차별받지 않고 존중받으며 살아갈 마땅하고 기본적인 권리임.,인간이 마땅히 누려야 할 차별 없는 기본적 권리,상
177,준비운동 정리운동의 필요성,"준비운동은 체온을 높여 부상을 예방하고 관절 가동범위를 넓히며, 정리운동은 심박수를 서서히 낮추고 젖산을 제거해 피로 회복을 도움.","준비(체온상승/부상예방), 정리(심박수안정/젖산제거)",상
178,운동 시 수분섭취 필요성,"운동 중 땀으로 배출된 수분을 보충하여 탈수를 막고, 체온을 정상으로 조절하며 혈액 순환과 원활한 대사를 돕기 위해 필수적임.","체온 조절, 탈수 방지, 원활한 혈액 순환",상
179,어깨 내회전 근육 설명,"팔을 몸 안쪽으로 회전시키는 동작으로, 견갑하근, 대흉근, 광배근, 대원근이 사용됨.","견갑하근, 대흉근, 광배근, 대원근",중
180,지도자의 역할,"참여자의 운동 목표 달성을 돕는 안내자, 부상을 예방하는 안전 관리자, 지속적 참여를 이끄는 동기 부여자 역할을 함.","안내자, 안전 관리자, 동기부여자",상
181,운동 후 에너지 섭취 이유,"고갈된 글리코겐을 보충하기 위해 탄수화물을, 손상된 근육 조직의 회복과 합성을 위해 양질의 단백질을 섭취해야 함.",탄수화물(에너지 보충) + 단백질(근육 회복/합성),상
182,출혈부위 지혈방법,"깨끗한 거즈나 천으로 상처 부위를 강하게 직접 압박(직접압박법)하고, 출혈 부위를 심장보다 높게 들어 올려 지혈함.","직접 압박 실시, 심장보다 높게 거상",상
183,기도폐쇄 확인 방법,"환자가 기침을 못 하거나 목을 감싸쥐는 초킹 사인을 보일 때, 뒤에서 명치와 배꼽 사이를 주먹으로 강하게 위로 밀어 올리는 하임리히법을 실시함.",초킹 사인 확인 → 하임리히법(복부 밀어내기),상
184,행잉 레그레이즈 시 몸 흔들리면 안 되는 이유,"반동을 사용하게 되면 타겟인 하복부의 고립이 풀려 운동 효과가 떨어지고, 허리와 어깨에 무리가 가 부상 위험이 커지기 때문임.",하복부 고립 실패 및 어깨/허리 부상 위험 증가,상
185,운동 시 카테콜아민 분비가 생리학적으로 이로운 이유,"부신수질에서 분비되는 에피네프린 등으로, 운동 시 심박수를 증가시키고 글리코겐 분해를 촉진하여 즉각적으로 에너지를 동원하게 도와줌.","심박수 증가, 에너지 동원 촉진(빠른 반응)",중
186,지도자가 성인지 가치관 가져야하는 이유,"지도자는 성별에 따른 차별과 편견 없이 모든 회원을 동등하게 대하고, 무의식적인 성적 괴롭힘을 예방하여 안전한 스포츠 환경을 만들기 위해 성인지 감수성이 필수적임.","성차별 방지, 안전한 환경 조성, 인권 존중",상
187,CRP에서 가슴압박 하는 이유,심장에 압력을 가해 인공적으로 전신과 뇌로 혈액(산소)을 지속적으로 공급하여 뇌사 및 장기 손상을 막기 위함임.,뇌와 전신에 산소/혈액 공급 유지,상
188,탈의실이나 샤워실에서 지도자가 해야할 사항,"성별이 다른 경우 출입을 절대 금하며, 부득이한 관리 목적일 경우 반드시 동성의 관리자를 대동하여 동의를 구한 후 출입해야 함.","이성 출입 금지, 동성 관리자 대동",중
189,골격근 구조와 기능,"골격근은 근외막으로 싸여있고 내부는 근다발(근주막), 근섬유(근내막)로 구성되며, 근섬유는 다시 액틴과 미오신 필라멘트로 이루어져 수축 기능을 함.",근외막 > 근주막(근다발) > 근내막(근섬유) > 액틴/미오신,중
190,머신과 프리웨이트 차이점,"프리웨이트는 코어와 협응력을 기르기 좋으나 부상 위험이 높고, 머신 웨이트는 가동범위가 고정되어 초보자가 안전하고 목표 근육을 고립하기 쉬움.","프리(협응력, 밸런스) vs 머신(안전, 고립, 초보자용)",상
191,응급처치란?,사고나 질병 발생 시 즉각적이고 임시적인 처치를 제공하여 환자의 생명을 구하고 상태 악화를 방지하며 회복을 돕는 활동임.,"생명 구호, 상태 악화 방지, 임시적 처치",상
192,지방의 에너지원으로서의 단점,지방은 탄수화물에 비해 대사 과정이 복잡하고 더 많은 산소를 필요로 하기 때문에 고강도의 빠른 에너지 동원에는 적합하지 않습니다.,"산소 소모량 큼, 대사 느림, 고강도 운동 부적합",중
193,척추기립근의 역할,"척추를 바르게 세우고 신전시키는 척추 주위의 세로 근육군으로, 강화 운동에는 데드리프트, 백 익스텐션, 굿모닝이 있음.","척추 신전 기능. 데드리프트, 백 익스텐션, 굿모닝",상
194,스포츠폭력이란?,"지도자는 모든 스포츠 참여자의 인권을 존중하며, 어떠한 형태의 폭력이나 성폭력도 예방하고 신속히 대처해야 할 의무가 있음.","인권 존중, 폭력 예방",상
195,레그프레스 시 사용되는 근육군,"하체 전반을 강화하는 다관절 운동으로, 대퇴사두근이 주동근이며 대둔근과 햄스트링이 보조근으로 주로 쓰임.","주동근: 대퇴사두근 / 보조: 대둔근, 햄스트링",상
196,고강도 운동 시 탄수화물 형태,해당 동작 수행 시 타겟 근육의 정확한 고립과 올바른 호흡법을 통해 부상을 방지하고 운동 효율을 극대화해야 함.,"목표 근육 고립, 부상 예방",중
197,도핑시기와 종류,"경기기간 외 검사에서는 주로 근육을 키우는 상시 금지약물(동화작용제 등)을 검사하고, 경기기간 중 검사에서는 상시금지약물에 흥분제, 마약류 등 특정금지약물을 추가로 검사함.","경기 외(상시금지약물) / 경기 중(상시 + 흥분제,마약류)",상
198,여자 비키니 경기진행 방식,"예선에서는 쿼터턴을 통한 비교 심사를 진행하고, 결선에서는 선수 개인의 I-워킹(개인 프레젠테이션) 후 전체 라인업하여 쿼터턴 비교 심사로 순위를 결정함.",예선: 쿼터턴 비교 심사 / 결선: I-워킹 후 쿼터턴 비교,상
199,드레싱 하는 이유,"상처 부위의 오염과 감염을 방지하고, 출혈을 흡수 및 지혈하며, 외부 자극으로부터 상처를 보호하기 위해 실시함.","감염 방지, 지혈 보조, 상처 보호",중
200,척추기립근 강화운동 3가지,"척추를 바르게 세우고 신전시키는 척추 주위의 세로 근육군으로, 강화 운동에는 데드리프트, 백 익스텐션, 굿모닝이 있음.","척추 신전 기능. 데드리프트, 백 익스텐션, 굿모닝",상
201,생활체육 지도사의 필요성 4가지,"과학적이고 안전한 운동 지도, 건강한 여가 선용 및 삶의 질 향상, 사회적 관계 개선 및 공동체 의식 함양, 평생체육의 실현 및 국민 복지 증진","건강 증진, 삶의 질 향상, 질병 예방, 사회적 연대감 강화",상
202,운동 중 글루카곤의 역할,"췌장 알파세포에서 분비되며, 혈당이 낮을 때 간에 저장된 글리코겐을 포도당으로 분해하여 혈당을 높여주는 역할을 함.","췌장 분비 호르몬, 혈당 상승 작용",중
203,스포츠 폭력의 유형,"신체적 폭력, 언어적 폭력, 성폭력, 정서적 폭력 등이 있음.",신체적/언어적/성적/정서적 폭력,상
204,종아리 운동 2가지 이상과 어떤 근육이 쓰이는지,"스탠딩 카프 레이즈는 비복근이, 시티드 카프 레이즈는 가자미근이 주로 사용됨.","스탠딩 카프 레이즈(비복근), 시티드 카프 레이즈(가자미근)",상
205,심폐소생술 절차,"환자의 의식 확인, 119 신고 및 AED 요청, 가슴압박 30회, 인공호흡 2회 순으로 번갈아 실시함.",의식 확인 → 119 신고 → 가슴압박(30) → 인공호흡(2),상
206,생활체육의 요소 3가지,"생활체육이 원활하게 이루어지기 위한 필수 요소로 체육 시설, 체육 프로그램, 체육 지도자가 있음.","체육 시설, 체육 프로그램, 체육 지도자",상
207,햄스트링 근육 4가지,"허벅지 뒤쪽에 위치하며 대퇴이두근 장두, 대퇴이두근 단두, 반건양근, 반막양근으로 구성됨.","대퇴이두근(장두/단두), 반건양근, 반막양근",상
208,지방의 역할,"1g당 9kcal의 효율적인 에너지원이며, 체온 유지, 장기 보호, 지용성 비타민 흡수, 세포막 구성 역할을 함.","에너지원, 체온 유지, 장기 보호, 세포막 구성",상
209,도핑 11개 중 2가지 이상 말하시오,"금지약물 복용, 시료 채취 회피 및 거부, 선수의 소재지 정보 제공 실패, 부정 거래 등이 있음.","금지약물 복용, 시료 채취 거부, 소재지 정보 실패 등",상
210,"여자 피지크 예선, 결선 라운드 설명","예선은 쿼터턴 비교 심사를 진행하며, 결선은 4가지 규정 포즈가 포함된 개인 루틴 시연 후 다시 전체 쿼터턴 및 규정 포즈 비교 심사를 진행함.",예선(쿼터턴) → 결선(개인루틴 + 쿼터턴/규정포즈 비교),상
211,"주동근, 길항근, 협력근 설명","주동근은 해당 동작을 주도하는 근육, 길항근은 주동근과 반대로 작용하며 동작을 조절하는 근육, 협력근은 주동근의 움직임을 보조하는 근육임.","주동근(주도), 길항근(반대 작용), 협력근(보조)",상
212,운동강도에 따른 에너지 시스템,"고강도 단시간 운동은 ATP-PC 시스템과 무산소성 해당과정을, 저강도 장시간 운동은 유산소성 산화 과정을 주로 사용함.","고강도(무산소, ATP-PC/해당과정), 저강도(유산소, 산화과정)",중
213,"탄, 브론저에 관한 규정","문질러서 지워지는 컬러링(탄)은 전면 금지되며, 무대 오르기 24시간 전에 바르는 자연스러운 브론저나 전문 스프레이 탄닝만 허용됨.","지워지는 탄 금지, 24시간 전 브론저/스프레이 탄 허용",상
214,시상면이란? 시상면에서 일어나는 움직임,"신체를 좌우로 나누는 가상의 면을 뜻하며, 주로 몸을 앞뒤로 굽히거나 펴는 굴곡(Flexion)과 신전(Extension) 움직임이 일어남.",신체를 좌우로 나눈 면 / 굴곡과 신전,중
215,TUE 치료목적 사용면책,"선수가 급성 또는 만성 질환 치료를 위해 부득이하게 금지약물을 사용해야 할 경우, 사전에 위원회의 승인을 받아 면책받는 제도임.",질병 치료 목적 금지약물 사용 사전 승인 제도,상
216,"3대 영양소 설명, 유산소 무산소 운동 시 각각 ATP와 견련해 사용되는 에너지","탄수화물, 단백질, 지방을 뜻하며 무산소 운동 시에는 탄수화물을 분해해 빠르게 ATP를 만들고, 유산소 운동 시에는 지방과 탄수화물을 산화시켜 대량의 ATP를 합성함.","무산소(탄수화물 분해), 유산소(지방/탄수화물 산화)",상
217,성폭력 2차 피해 예방 및 대응 위한 방안 4가지 이상,"가해자와 피해자 즉시 분리, 피해자 신원 및 정보 철저히 비밀 유지, 섣부른 합의 종용 및 회유 금지, 피해자 심리 치료 및 법률 지원 안내 등이 있음.","즉시 분리, 비밀 유지, 합의 종용 금지, 피해자 지원",상
218,"데피니션, 세퍼레이션 설명","데피니션은 체지방을 걷어내어 근육의 결이 뚜렷하게 보이는 선명도이며, 세퍼레이션은 근육과 근육 사이의 경계선이 명확하게 나뉘는 분리도를 의미함.","데피니션(근육의 선명도), 세퍼레이션(근육간 분리도)",상
219,근력에 영향 주는 3가지 요소,"근육의 횡단면적(크기), 근섬유의 유형(속근 비율), 그리고 신경계의 운동단위 동원 능력이 있음.","근육 횡단면적, 근섬유 유형, 신경계 동원 능력",중
220,현재 스포츠계에서 인권 관련 침해,"결과 지상주의로 인한 폭언 및 구타(신체/언어적 폭력), 위계질서를 악용한 성희롱 및 성폭력, 부당한 합숙 강요 및 학습권 침해 등이 있음.","폭력/가혹행위, 성폭력, 학습권 침해, 부당한 합숙",상
221,발살바 호흡 장점 및 단점,"숨을 참아 복압을 높여 척추를 강하게 지지하고 큰 힘을 낼 수 있는 장점이 있으나, 혈압을 급격히 높여 현기증이나 실신, 뇌혈관 손상을 유발할 수 있는 단점이 있음.","장점(복압 형성, 코어 안정화) / 단점(혈압 급상승, 현기증)",상
222,최대심박수 구하는 공식과 최대심박수 정의,"공식은 '220 - 자신의 만나이'이며, 운동 강도를 최고로 높였을 때 심장이 1분 동안 뛸 수 있는 가장 높은 심박수를 의미함.","220-나이, 1분당 뛸 수 있는 최대 심장 박동수",상
223,발목 당길 때 사용하는 근육,발등을 정강이 쪽으로 당기는 배측굴곡 동작 시 전경골근(앞정강근)이 주동근으로 사용됨.,전경골근(앞정강근),상
224,과호흡 시 발생하는 생리적 증상,"체내 이산화탄소가 과도하게 배출되어 혈액이 알칼리화되며, 이로 인해 어지러움, 호흡 곤란, 손발 저림 현상이 나타남.","이산화탄소 과다 배출로 인한 호흡성 알칼리증, 어지러움",중
225,생활체육지도자가 필요한 이유 4가지 이상,"올바른 운동 방법 및 지식 전달, 안전사고 예방 및 신속한 대처, 참여자의 지속적인 동기 유발, 체계적인 프로그램 개발 및 관리를 위해 필요함.","올바른 지도, 안전사고 예방, 동기 유발, 프로그램 관리",상
226,런지 동작 시 하체 근육의 동작원리와 순서,"대퇴사두근과 대둔근이 주동근이며, 몸을 내릴 때는 신장성 수축으로 버티고 일어설 때는 단축성 수축으로 강하게 밀어냄.","주동근(대퇴사두근/대둔근), 하강(신장성 수축) → 상승(단축성 수축)",중
227,에피네프린 설명,"부신수질에서 분비되는 호르몬으로, 교감신경을 자극해 심박수와 혈압을 높이고 글리코겐 분해를 촉진하여 즉각적으로 에너지를 동원함.","부신수질 분비, 심박수 증가 및 에너지 동원 촉진",중
228,도핑 관련 자기 의무와 책임,"자신이 섭취하는 모든 물질에 대한 무과실 책임 원칙이 적용되며, 정확한 소재지 정보 제공 및 도핑 검사 시료 채취에 성실히 응할 의무가 있음.","무과실 책임 원칙, 소재지 정보 제공, 검사 협조 의무",상
229,클래식보디빌딩 경기 순서,"예선 라운드에서 쿼터턴 및 7가지 규정 포즈 심사를 거치고, 결선 라운드에서는 개인 자유 포즈 루틴 심사 후 다시 규정 포즈 비교 심사를 실시함.",예선(쿼터턴+7가지 포즈) → 결선(자유루틴+규정포즈 비교),중
230,글루카곤 설명,"췌장의 알파세포에서 분비되며, 혈당이 낮을 때 간에 저장된 글리코겐을 포도당으로 분해하여 혈당을 높여주는 역할을 함.","췌장 알파세포 분비, 혈당 상승 호르몬",중
231,손목굽힘근 3개,"전완의 앞면에 위치하여 손목을 굴곡시키는 근육으로 노쪽손목굽힘근, 자쪽손목굽힘근, 긴손바닥근","노쪽, 자쪽 손목굽힘근, 긴소바닥근",중
232,근육의 역할 3가지,"수축을 통한 신체의 움직임 생성, 자세 유지 및 관절의 안정화, 그리고 열 발생을 통한 체온 유지 역할을 함.","신체 움직임, 자세 유지 및 관절 안정, 체온 유지",상